{"version":"1.0","basePath":"http://localhost:8080","apis":{"":[{"jsondocId":"2952b9b2-a1d2-4482-9151-cd7c7e67f2b8","name":"AbilitiesController","description":"AbilitiesController","visibility":"UNDEFINED","stage":"UNDEFINED","group":"","methods":[{"jsondocerrors":[],"jsondocwarnings":[],"jsondochints":["Add description to ApiMethod"],"jsondocId":"0261cfc7-2fd8-49b1-8672-709b87619f90","path":["/abilities"],"verb":["GET"],"produces":["application/json"],"consumes":["application/json"],"headers":[],"pathparameters":[],"queryparameters":[],"bodyobject":null,"response":{"jsondocId":"23a51339-a379-49bb-af70-27f09e76005c","jsondocType":{"type":["list","abilityresponsedto"],"mapKey":null,"mapValue":null,"oneLineText":"list of abilityresponsedto"}},"responsestatuscode":"200 - OK","visibility":"UNDEFINED","stage":"UNDEFINED","id":null,"description":"","summary":"","apierrors":[],"supportedversions":null,"auth":null,"displayMethodAs":"URI","displayedMethodString":["/abilities"]},{"jsondocerrors":[],"jsondocwarnings":[],"jsondochints":["Add description to ApiMethod"],"jsondocId":"806d94ab-83bb-492a-94fd-90d3852392a2","path":["/abilities"],"verb":["POST"],"produces":["application/json"],"consumes":["application/json"],"headers":[],"pathparameters":[],"queryparameters":[],"bodyobject":{"jsondocId":"25b98545-cc6b-45db-bd35-807d8bb71db4","jsondocType":{"type":["abilitydto"],"mapKey":null,"mapValue":null,"oneLineText":"abilitydto"},"jsondocTemplate":{"description":"","id":0,"isCategory":true,"isSelectable":true,"name":"","parentAbility":{}}},"response":{"jsondocId":"792d6b13-ff32-4620-8047-4d12d27aee2f","jsondocType":{"type":["abilityresponsedto"],"mapKey":null,"mapValue":null,"oneLineText":"abilityresponsedto"}},"responsestatuscode":"201 - Created","visibility":"UNDEFINED","stage":"UNDEFINED","id":null,"description":"","summary":"","apierrors":[],"supportedversions":null,"auth":null,"displayMethodAs":"URI","displayedMethodString":["/abilities"]},{"jsondocerrors":[],"jsondocwarnings":[],"jsondochints":["Add description to ApiPathParam","Add description to ApiMethod"],"jsondocId":"d182368c-5d51-491f-b749-a344bb30cbfd","path":["/abilities/{id}"],"verb":["GET"],"produces":["application/json"],"consumes":["application/json"],"headers":[],"pathparameters":[{"jsondocerrors":[],"jsondocwarnings":[],"jsondochints":[],"jsondocId":"adbcf55d-0c9e-4cd3-bf09-22a05ac1c04c","jsondocType":{"type":["long"],"mapKey":null,"mapValue":null,"oneLineText":"long"},"name":"id","description":"","required":"true","allowedvalues":[],"format":null,"defaultvalue":""}],"queryparameters":[],"bodyobject":null,"response":{"jsondocId":"2c4de640-cb3e-44d8-bead-f88caf430b14","jsondocType":{"type":["abilityresponsedto"],"mapKey":null,"mapValue":null,"oneLineText":"abilityresponsedto"}},"responsestatuscode":"200 - OK","visibility":"UNDEFINED","stage":"UNDEFINED","id":null,"description":"","summary":"","apierrors":[],"supportedversions":null,"auth":null,"displayMethodAs":"URI","displayedMethodString":["/abilities/{id}"]},{"jsondocerrors":[],"jsondocwarnings":[],"jsondochints":["Add description to ApiPathParam","Add description to ApiMethod"],"jsondocId":"8df60699-6594-4f14-88e3-e562cbb945ca","path":["/abilities/{id}"],"verb":["PUT"],"produces":["application/json"],"consumes":["application/json"],"headers":[],"pathparameters":[{"jsondocerrors":[],"jsondocwarnings":[],"jsondochints":[],"jsondocId":"73669b75-83ec-4119-9132-14e766b77c65","jsondocType":{"type":["long"],"mapKey":null,"mapValue":null,"oneLineText":"long"},"name":"id","description":"","required":"true","allowedvalues":[],"format":null,"defaultvalue":""}],"queryparameters":[],"bodyobject":{"jsondocId":"d187541f-e24a-4850-9443-21997d75ebf4","jsondocType":{"type":["abilitydto"],"mapKey":null,"mapValue":null,"oneLineText":"abilitydto"},"jsondocTemplate":{"description":"","id":0,"isCategory":true,"isSelectable":true,"name":"","parentAbility":{}}},"response":{"jsondocId":"1d70085f-31cf-439d-8383-e6da68dbedce","jsondocType":{"type":["abilityresponsedto"],"mapKey":null,"mapValue":null,"oneLineText":"abilityresponsedto"}},"responsestatuscode":"200 - OK","visibility":"UNDEFINED","stage":"UNDEFINED","id":null,"description":"","summary":"","apierrors":[],"supportedversions":null,"auth":null,"displayMethodAs":"URI","displayedMethodString":["/abilities/{id}"]},{"jsondocerrors":[],"jsondocwarnings":[],"jsondochints":["Add description to ApiPathParam","Add description to ApiMethod"],"jsondocId":"a7af3fe9-3946-4cf7-8c89-604117ca5d30","path":["/abilities/{id}"],"verb":["DELETE"],"produces":["application/json"],"consumes":["application/json"],"headers":[],"pathparameters":[{"jsondocerrors":[],"jsondocwarnings":[],"jsondochints":[],"jsondocId":"31f5f564-661d-4383-9033-7bb9c30755d9","jsondocType":{"type":["long"],"mapKey":null,"mapValue":null,"oneLineText":"long"},"name":"id","description":"","required":"true","allowedvalues":[],"format":null,"defaultvalue":""}],"queryparameters":[],"bodyobject":null,"response":{"jsondocId":"40c3d4f3-0e88-4c21-9472-46cad01243ab","jsondocType":{"type":["void"],"mapKey":null,"mapValue":null,"oneLineText":"void"}},"responsestatuscode":"204 - No Content","visibility":"UNDEFINED","stage":"UNDEFINED","id":null,"description":"","summary":"","apierrors":[],"supportedversions":null,"auth":null,"displayMethodAs":"URI","displayedMethodString":["/abilities/{id}"]}],"supportedversions":null,"auth":null},{"jsondocId":"432ce158-b28a-4f5a-80a0-f37fc3060259","name":"OrganisationController","description":"OrganisationController","visibility":"UNDEFINED","stage":"UNDEFINED","group":"","methods":[{"jsondocerrors":[],"jsondocwarnings":[],"jsondochints":["Add description to ApiMethod"],"jsondocId":"0ae5aa3b-e88d-452f-bc75-435b73606070","path":["/organisations"],"verb":["PUT"],"produces":["application/json"],"consumes":["application/json"],"headers":[],"pathparameters":[],"queryparameters":[],"bodyobject":{"jsondocId":"23e310a7-b655-468a-b0ec-53c3c0d67606","jsondocType":{"type":["organisation"],"mapKey":null,"mapValue":null,"oneLineText":"organisation"},"jsondocTemplate":{"admins":[],"created":{},"id":0,"name":"","updated":{},"version":0}},"response":{"jsondocId":"786223d7-ca2b-43fc-a16d-bfa6e3ad546a","jsondocType":{"type":["organisation"],"mapKey":null,"mapValue":null,"oneLineText":"organisation"}},"responsestatuscode":"200 - OK","visibility":"UNDEFINED","stage":"UNDEFINED","id":null,"description":"","summary":"","apierrors":[],"supportedversions":null,"auth":null,"displayMethodAs":"URI","displayedMethodString":["/organisations"]},{"jsondocerrors":[],"jsondocwarnings":[],"jsondochints":["Add description to ApiMethod"],"jsondocId":"411aebee-ce67-49f6-9cc7-24929b9eb372","path":["/organisations"],"verb":["POST"],"produces":["application/json"],"consumes":["application/json"],"headers":[],"pathparameters":[],"queryparameters":[],"bodyobject":{"jsondocId":"d8cfdb12-ba4b-4152-a89d-87e2bb42f37e","jsondocType":{"type":["organisation"],"mapKey":null,"mapValue":null,"oneLineText":"organisation"},"jsondocTemplate":{"admins":[],"created":{},"id":0,"name":"","updated":{},"version":0}},"response":{"jsondocId":"2de369d5-4018-4ddb-a96c-72d09a0908b0","jsondocType":{"type":["organisation"],"mapKey":null,"mapValue":null,"oneLineText":"organisation"}},"responsestatuscode":"201 - Created","visibility":"UNDEFINED","stage":"UNDEFINED","id":null,"description":"","summary":"","apierrors":[],"supportedversions":null,"auth":null,"displayMethodAs":"URI","displayedMethodString":["/organisations"]},{"jsondocerrors":[],"jsondocwarnings":[],"jsondochints":["Add description to ApiPathParam","Add description to ApiMethod"],"jsondocId":"49dcb014-5f2c-44ab-a2a8-10cecd2481c2","path":["/organisations/{id}"],"verb":["GET"],"produces":["application/json"],"consumes":["application/json"],"headers":[],"pathparameters":[{"jsondocerrors":[],"jsondocwarnings":[],"jsondochints":[],"jsondocId":"a4d1d380-c72b-4d15-b914-d3a5430eeb04","jsondocType":{"type":["long"],"mapKey":null,"mapValue":null,"oneLineText":"long"},"name":"id","description":"","required":"true","allowedvalues":[],"format":null,"defaultvalue":""}],"queryparameters":[],"bodyobject":null,"response":{"jsondocId":"698e6e63-06a6-4657-9875-b404eb94058b","jsondocType":{"type":["organisation"],"mapKey":null,"mapValue":null,"oneLineText":"organisation"}},"responsestatuscode":"200 - OK","visibility":"UNDEFINED","stage":"UNDEFINED","id":null,"description":"","summary":"","apierrors":[],"supportedversions":null,"auth":null,"displayMethodAs":"URI","displayedMethodString":["/organisations/{id}"]}],"supportedversions":null,"auth":null},{"jsondocId":"c7b918d1-7ac9-43d6-92e1-62e7d42a1670","name":"UserController","description":"UserController","visibility":"UNDEFINED","stage":"UNDEFINED","group":"","methods":[{"jsondocerrors":[],"jsondocwarnings":[],"jsondochints":["Add description to ApiMethod"],"jsondocId":"2d8d479c-0a59-4479-b193-daef916efe22","path":["users/current"],"verb":["GET"],"produces":["application/json"],"consumes":["application/json"],"headers":[],"pathparameters":[],"queryparameters":[],"bodyobject":null,"response":{"jsondocId":"dd782878-2cda-434b-9dea-0dcc8648f02e","jsondocType":{"type":["userdto"],"mapKey":null,"mapValue":null,"oneLineText":"userdto"}},"responsestatuscode":"200 - OK","visibility":"UNDEFINED","stage":"UNDEFINED","id":null,"description":"","summary":"","apierrors":[],"supportedversions":null,"auth":null,"displayMethodAs":"URI","displayedMethodString":["users/current"]}],"supportedversions":null,"auth":null},{"jsondocId":"8b2546d7-324d-4e6e-bc1d-74a32a104d35","name":"VolunteersController","description":"VolunteersController","visibility":"UNDEFINED","stage":"UNDEFINED","group":"","methods":[{"jsondocerrors":[],"jsondocwarnings":[],"jsondochints":["Add description to ApiPathParam","Add description to ApiMethod"],"jsondocId":"d4e68e20-dc49-40a6-9555-a330a50cdac2","path":["/volunteers/{id}"],"verb":["GET"],"produces":["application/json"],"consumes":["application/json"],"headers":[],"pathparameters":[{"jsondocerrors":[],"jsondocwarnings":[],"jsondochints":[],"jsondocId":"5d281924-0783-4cdb-bfd8-c50910a88927","jsondocType":{"type":["long"],"mapKey":null,"mapValue":null,"oneLineText":"long"},"name":"id","description":"","required":"true","allowedvalues":[],"format":null,"defaultvalue":""}],"queryparameters":[],"bodyobject":null,"response":{"jsondocId":"0b8b0459-f27f-4611-80b5-6a8eb5d9d920","jsondocType":{"type":["volunteerresponsedto"],"mapKey":null,"mapValue":null,"oneLineText":"volunteerresponsedto"}},"responsestatuscode":"200 - OK","visibility":"UNDEFINED","stage":"UNDEFINED","id":null,"description":"","summary":"","apierrors":[],"supportedversions":null,"auth":null,"displayMethodAs":"URI","displayedMethodString":["/volunteers/{id}"]},{"jsondocerrors":[],"jsondocwarnings":[],"jsondochints":["Add description to ApiPathParam","Add description to ApiMethod"],"jsondocId":"cdf4f0f3-45bf-4464-b280-6d9a123390ab","path":["/volunteers/{id}"],"verb":["PUT"],"produces":["application/json"],"consumes":["application/json"],"headers":[],"pathparameters":[{"jsondocerrors":[],"jsondocwarnings":[],"jsondochints":[],"jsondocId":"84dd5e0a-bad8-4bf6-b92d-8c39f6a88f32","jsondocType":{"type":["long"],"mapKey":null,"mapValue":null,"oneLineText":"long"},"name":"id","description":"","required":"true","allowedvalues":[],"format":null,"defaultvalue":""}],"queryparameters":[],"bodyobject":{"jsondocId":"c3aa1770-6a54-49cc-bea7-de256b8114bf","jsondocType":{"type":["volunteerdto"],"mapKey":null,"mapValue":null,"oneLineText":"volunteerdto"},"jsondocTemplate":{"abilities":[],"id":0,"user":{"address":{"city":"","street":"","streetNumber":"","zipCode":""},"adult":true,"email":"","givenName":"","phone":"","surname":""}}},"response":{"jsondocId":"1ed96c01-fd3e-4545-9be8-313689e59751","jsondocType":{"type":["volunteerresponsedto"],"mapKey":null,"mapValue":null,"oneLineText":"volunteerresponsedto"}},"responsestatuscode":"200 - OK","visibility":"UNDEFINED","stage":"UNDEFINED","id":null,"description":"","summary":"","apierrors":[],"supportedversions":null,"auth":null,"displayMethodAs":"URI","displayedMethodString":["/volunteers/{id}"]},{"jsondocerrors":[],"jsondocwarnings":[],"jsondochints":["Add description to ApiPathParam","Add description to ApiMethod"],"jsondocId":"9b00cbae-c54c-4d01-a737-10301b1a5431","path":["/volunteers/{id}"],"verb":["DELETE"],"produces":["application/json"],"consumes":["application/json"],"headers":[],"pathparameters":[{"jsondocerrors":[],"jsondocwarnings":[],"jsondochints":[],"jsondocId":"6256a625-6041-4427-b4b9-173a702f4a4e","jsondocType":{"type":["long"],"mapKey":null,"mapValue":null,"oneLineText":"long"},"name":"id","description":"","required":"true","allowedvalues":[],"format":null,"defaultvalue":""}],"queryparameters":[],"bodyobject":null,"response":{"jsondocId":"a1a98e50-228e-4373-80b5-23566e4decc4","jsondocType":{"type":["void"],"mapKey":null,"mapValue":null,"oneLineText":"void"}},"responsestatuscode":"204 - No Content","visibility":"UNDEFINED","stage":"UNDEFINED","id":null,"description":"","summary":"","apierrors":[],"supportedversions":null,"auth":null,"displayMethodAs":"URI","displayedMethodString":["/volunteers/{id}"]},{"jsondocerrors":[],"jsondocwarnings":[],"jsondochints":["Add description to ApiQueryParam","Add description to ApiQueryParam","Add description to ApiQueryParam","Add description to ApiMethod"],"jsondocId":"29e452c0-70ab-4a86-bed5-817dd89f313d","path":["/volunteers"],"verb":["GET"],"produces":["application/json"],"consumes":["application/json"],"headers":[],"pathparameters":[],"queryparameters":[{"jsondocerrors":[],"jsondocwarnings":[],"jsondochints":[],"jsondocId":"c7571b1f-4c5c-4d88-86eb-474037da07de","jsondocType":{"type":["double"],"mapKey":null,"mapValue":null,"oneLineText":"double"},"name":"latitude","description":"","required":"true","allowedvalues":[],"format":null,"defaultvalue":""},{"jsondocerrors":[],"jsondocwarnings":[],"jsondochints":[],"jsondocId":"7c35de1e-c664-4d84-b6bc-06775bb49ca1","jsondocType":{"type":["double"],"mapKey":null,"mapValue":null,"oneLineText":"double"},"name":"longitude","description":"","required":"true","allowedvalues":[],"format":null,"defaultvalue":""},{"jsondocerrors":[],"jsondocwarnings":[],"jsondochints":[],"jsondocId":"3a8099fa-1925-493b-b01f-ae149a570297","jsondocType":{"type":["double"],"mapKey":null,"mapValue":null,"oneLineText":"double"},"name":"distance","description":"","required":"true","allowedvalues":[],"format":null,"defaultvalue":""}],"bodyobject":null,"response":{"jsondocId":"035c5457-fedd-4cac-bddb-a2b4404ac457","jsondocType":{"type":["list","volunteerresponsedto"],"mapKey":null,"mapValue":null,"oneLineText":"list of volunteerresponsedto"}},"responsestatuscode":"200 - OK","visibility":"UNDEFINED","stage":"UNDEFINED","id":null,"description":"","summary":"","apierrors":[],"supportedversions":null,"auth":null,"displayMethodAs":"URI","displayedMethodString":["/volunteers"]},{"jsondocerrors":[],"jsondocwarnings":[],"jsondochints":["Add description to ApiMethod"],"jsondocId":"b99ac451-817f-4a56-b718-84b15136ae75","path":["/volunteers"],"verb":["POST"],"produces":["application/json"],"consumes":["application/json"],"headers":[],"pathparameters":[],"queryparameters":[],"bodyobject":{"jsondocId":"80eda044-d491-4fa4-80e2-e9f06aa10b95","jsondocType":{"type":["volunteerdto"],"mapKey":null,"mapValue":null,"oneLineText":"volunteerdto"},"jsondocTemplate":{"abilities":[],"id":0,"user":{"address":{"city":"","street":"","streetNumber":"","zipCode":""},"adult":true,"email":"","givenName":"","phone":"","surname":""}}},"response":{"jsondocId":"afb99bd6-333b-4a95-a2ab-5bacb9734a33","jsondocType":{"type":["volunteerresponsedto"],"mapKey":null,"mapValue":null,"oneLineText":"volunteerresponsedto"}},"responsestatuscode":"200 - OK","visibility":"UNDEFINED","stage":"UNDEFINED","id":null,"description":"","summary":"","apierrors":[],"supportedversions":null,"auth":null,"displayMethodAs":"URI","displayedMethodString":["/volunteers"]}],"supportedversions":null,"auth":null}]},"objects":{"":[{"jsondocerrors":[],"jsondocwarnings":[],"jsondochints":["Add description to field: description","Add description to field: id","Add description to field: isCategory","Add description to field: isSelectable","Add description to field: name","Add description to field: parentAbility"],"jsondocId":"aaa52720-6ec9-47d3-86d8-c3a81f68567f","name":"AbilityDto","description":"","fields":[{"jsondocerrors":[],"jsondocwarnings":[],"jsondochints":[],"jsondocId":"8ff291a7-ee33-45fb-bcd6-15b3dfc0f8af","jsondocType":{"type":["string"],"mapKey":null,"mapValue":null,"oneLineText":"string"},"name":"description","description":null,"format":[],"allowedvalues":null,"required":"UNDEFINED","supportedversions":null,"order":2147483647,"displayedFormat":""},{"jsondocerrors":[],"jsondocwarnings":[],"jsondochints":[],"jsondocId":"88e054f6-003a-421b-b874-095fe70f6640","jsondocType":{"type":["long"],"mapKey":null,"mapValue":null,"oneLineText":"long"},"name":"id","description":null,"format":[],"allowedvalues":null,"required":"UNDEFINED","supportedversions":null,"order":2147483647,"displayedFormat":""},{"jsondocerrors":[],"jsondocwarnings":[],"jsondochints":[],"jsondocId":"41325510-050f-42d2-88c5-495cf1108405","jsondocType":{"type":["boolean"],"mapKey":null,"mapValue":null,"oneLineText":"boolean"},"name":"isCategory","description":null,"format":[],"allowedvalues":null,"required":"UNDEFINED","supportedversions":null,"order":2147483647,"displayedFormat":""},{"jsondocerrors":[],"jsondocwarnings":[],"jsondochints":[],"jsondocId":"f0a70048-7a1d-4d96-bd1e-90fd29cec517","jsondocType":{"type":["boolean"],"mapKey":null,"mapValue":null,"oneLineText":"boolean"},"name":"isSelectable","description":null,"format":[],"allowedvalues":null,"required":"UNDEFINED","supportedversions":null,"order":2147483647,"displayedFormat":""},{"jsondocerrors":[],"jsondocwarnings":[],"jsondochints":[],"jsondocId":"dfa2e14d-d1f4-494f-b528-ea7563f61a1e","jsondocType":{"type":["string"],"mapKey":null,"mapValue":null,"oneLineText":"string"},"name":"name","description":null,"format":["may not be empty"],"allowedvalues":null,"required":"UNDEFINED","supportedversions":null,"order":2147483647,"displayedFormat":"may not be empty"},{"jsondocerrors":[],"jsondocwarnings":[],"jsondochints":[],"jsondocId":"e6c5305b-6605-495e-a1bc-71ddb853456f","jsondocType":{"type":["abilitydto"],"mapKey":null,"mapValue":null,"oneLineText":"abilitydto"},"name":"parentAbility","description":null,"format":[],"allowedvalues":null,"required":"UNDEFINED","supportedversions":null,"order":2147483647,"displayedFormat":""}],"supportedversions":null,"allowedvalues":[],"group":"","visibility":"UNDEFINED","stage":"UNDEFINED","jsondocTemplate":{"description":"","id":0,"isCategory":true,"isSelectable":true,"name":"","parentAbility":{}},"show":true},{"jsondocerrors":[],"jsondocwarnings":[],"jsondochints":["Add description to field: description","Add description to field: id","Add description to field: isCategory","Add description to field: isSelectable","Add description to field: name"],"jsondocId":"d212d266-e60f-41de-83d6-b640824d7c18","name":"AbilityLinkDto","description":"","fields":[{"jsondocerrors":[],"jsondocwarnings":[],"jsondochints":[],"jsondocId":"d5ca993f-9238-4fc0-bd1a-9f1655270609","jsondocType":{"type":["string"],"mapKey":null,"mapValue":null,"oneLineText":"string"},"name":"description","description":null,"format":[],"allowedvalues":null,"required":"UNDEFINED","supportedversions":null,"order":2147483647,"displayedFormat":""},{"jsondocerrors":[],"jsondocwarnings":[],"jsondochints":[],"jsondocId":"25f54626-346a-4832-bc5f-6f2abccf809c","jsondocType":{"type":["long"],"mapKey":null,"mapValue":null,"oneLineText":"long"},"name":"id","description":null,"format":["may not be null"],"allowedvalues":null,"required":"UNDEFINED","supportedversions":null,"order":2147483647,"displayedFormat":"may not be null"},{"jsondocerrors":[],"jsondocwarnings":[],"jsondochints":[],"jsondocId":"857d04a7-24b8-4281-98c7-44197f15e7fa","jsondocType":{"type":["boolean"],"mapKey":null,"mapValue":null,"oneLineText":"boolean"},"name":"isCategory","description":null,"format":[],"allowedvalues":null,"required":"UNDEFINED","supportedversions":null,"order":2147483647,"displayedFormat":""},{"jsondocerrors":[],"jsondocwarnings":[],"jsondochints":[],"jsondocId":"cae9ba65-3aaa-4149-b4ea-bab18d3bd6ea","jsondocType":{"type":["boolean"],"mapKey":null,"mapValue":null,"oneLineText":"boolean"},"name":"isSelectable","description":null,"format":[],"allowedvalues":null,"required":"UNDEFINED","supportedversions":null,"order":2147483647,"displayedFormat":""},{"jsondocerrors":[],"jsondocwarnings":[],"jsondochints":[],"jsondocId":"4d9621c8-02f2-4974-8aff-0e5ba5e61cd3","jsondocType":{"type":["string"],"mapKey":null,"mapValue":null,"oneLineText":"string"},"name":"name","description":null,"format":[],"allowedvalues":null,"required":"UNDEFINED","supportedversions":null,"order":2147483647,"displayedFormat":""}],"supportedversions":null,"allowedvalues":[],"group":"","visibility":"UNDEFINED","stage":"UNDEFINED","jsondocTemplate":{"description":"","id":0,"isCategory":true,"isSelectable":true,"name":""},"show":true},{"jsondocerrors":[],"jsondocwarnings":[],"jsondochints":["Add description to field: childAbilities","Add description to field: description","Add description to field: id","Add description to field: isCategory","Add description to field: isSelectable","Add description to field: name","Add description to field: parentAbilityId"],"jsondocId":"039b10cb-a0ba-4e07-99c2-16c728af840e","name":"AbilityResponseDto","description":"","fields":[{"jsondocerrors":[],"jsondocwarnings":[],"jsondochints":[],"jsondocId":"ff3655cb-7b7f-4b0d-9d60-873f15f8176e","jsondocType":{"type":["list","abilityresponsedto"],"mapKey":null,"mapValue":null,"oneLineText":"list of abilityresponsedto"},"name":"childAbilities","description":null,"format":[],"allowedvalues":null,"required":"UNDEFINED","supportedversions":null,"order":2147483647,"displayedFormat":""},{"jsondocerrors":[],"jsondocwarnings":[],"jsondochints":[],"jsondocId":"64404273-cc5c-461e-918e-be49cb81e0af","jsondocType":{"type":["string"],"mapKey":null,"mapValue":null,"oneLineText":"string"},"name":"description","description":null,"format":[],"allowedvalues":null,"required":"UNDEFINED","supportedversions":null,"order":2147483647,"displayedFormat":""},{"jsondocerrors":[],"jsondocwarnings":[],"jsondochints":[],"jsondocId":"0a49a4e3-2ff9-4b15-8d17-8e2f1a4b0071","jsondocType":{"type":["long"],"mapKey":null,"mapValue":null,"oneLineText":"long"},"name":"id","description":null,"format":[],"allowedvalues":null,"required":"UNDEFINED","supportedversions":null,"order":2147483647,"displayedFormat":""},{"jsondocerrors":[],"jsondocwarnings":[],"jsondochints":[],"jsondocId":"98fe600e-0a84-447c-9721-4605f52cf6b6","jsondocType":{"type":["boolean"],"mapKey":null,"mapValue":null,"oneLineText":"boolean"},"name":"isCategory","description":null,"format":[],"allowedvalues":null,"required":"UNDEFINED","supportedversions":null,"order":2147483647,"displayedFormat":""},{"jsondocerrors":[],"jsondocwarnings":[],"jsondochints":[],"jsondocId":"6341497b-1d90-4145-8896-7dcbbf925c12","jsondocType":{"type":["boolean"],"mapKey":null,"mapValue":null,"oneLineText":"boolean"},"name":"isSelectable","description":null,"format":[],"allowedvalues":null,"required":"UNDEFINED","supportedversions":null,"order":2147483647,"displayedFormat":""},{"jsondocerrors":[],"jsondocwarnings":[],"jsondochints":[],"jsondocId":"505cc18c-ddb5-471d-aaca-063627726eb2","jsondocType":{"type":["string"],"mapKey":null,"mapValue":null,"oneLineText":"string"},"name":"name","description":null,"format":["may not be empty"],"allowedvalues":null,"required":"UNDEFINED","supportedversions":null,"order":2147483647,"displayedFormat":"may not be empty"},{"jsondocerrors":[],"jsondocwarnings":[],"jsondochints":[],"jsondocId":"6f14d1c3-69c7-42e1-be28-b40dff95dd90","jsondocType":{"type":["long"],"mapKey":null,"mapValue":null,"oneLineText":"long"},"name":"parentAbilityId","description":null,"format":[],"allowedvalues":null,"required":"UNDEFINED","supportedversions":null,"order":2147483647,"displayedFormat":""}],"supportedversions":null,"allowedvalues":[],"group":"","visibility":"UNDEFINED","stage":"UNDEFINED","jsondocTemplate":{"childAbilities":[],"description":"","id":0,"isCategory":true,"isSelectable":true,"name":"","parentAbilityId":0},"show":true},{"jsondocerrors":[],"jsondocwarnings":[],"jsondochints":["Add description to field: city","Add description to field: street","Add description to field: streetNumber","Add description to field: zipCode"],"jsondocId":"2f18cc9e-5fa3-489a-9429-740ada7daedb","name":"AddressDto","description":"","fields":[{"jsondocerrors":[],"jsondocwarnings":[],"jsondochints":[],"jsondocId":"43fe7796-59db-43c0-aac7-bbdb0f5fd67a","jsondocType":{"type":["string"],"mapKey":null,"mapValue":null,"oneLineText":"string"},"name":"city","description":null,"format":[],"allowedvalues":null,"required":"UNDEFINED","supportedversions":null,"order":2147483647,"displayedFormat":""},{"jsondocerrors":[],"jsondocwarnings":[],"jsondochints":[],"jsondocId":"d294ad0c-7e52-4ea0-9261-891d0b8a8524","jsondocType":{"type":["string"],"mapKey":null,"mapValue":null,"oneLineText":"string"},"name":"street","description":null,"format":[],"allowedvalues":null,"required":"UNDEFINED","supportedversions":null,"order":2147483647,"displayedFormat":""},{"jsondocerrors":[],"jsondocwarnings":[],"jsondochints":[],"jsondocId":"0d37062f-35fb-488d-b6ed-e54a15279f2d","jsondocType":{"type":["string"],"mapKey":null,"mapValue":null,"oneLineText":"string"},"name":"streetNumber","description":null,"format":[],"allowedvalues":null,"required":"UNDEFINED","supportedversions":null,"order":2147483647,"displayedFormat":""},{"jsondocerrors":[],"jsondocwarnings":[],"jsondochints":[],"jsondocId":"f82a7c26-ff33-4186-ba6a-293f5ac205a5","jsondocType":{"type":["string"],"mapKey":null,"mapValue":null,"oneLineText":"string"},"name":"zipCode","description":null,"format":["may not be empty","numeric value made of <5 digits>.<0 digits>)"],"allowedvalues":null,"required":"UNDEFINED","supportedversions":null,"order":2147483647,"displayedFormat":"may not be empty, numeric value made of <5 digits>.<0 digits>)"}],"supportedversions":null,"allowedvalues":[],"group":"","visibility":"UNDEFINED","stage":"UNDEFINED","jsondocTemplate":{"city":"","street":"","streetNumber":"","zipCode":""},"show":true},{"jsondocerrors":[],"jsondocwarnings":[],"jsondochints":["Add description to field: admins","Add description to field: created","Add description to field: id","Add description to field: name","Add description to field: updated","Add description to field: version"],"jsondocId":"0a25251d-d14c-40a2-98e3-e9d15150c7e4","name":"Organisation","description":"","fields":[{"jsondocerrors":[],"jsondocwarnings":[],"jsondochints":[],"jsondocId":"de347eb0-14f7-4c53-9dc4-5e37edbd55ef","jsondocType":{"type":["set","user"],"mapKey":null,"mapValue":null,"oneLineText":"set of user"},"name":"admins","description":null,"format":[],"allowedvalues":null,"required":"UNDEFINED","supportedversions":null,"order":2147483647,"displayedFormat":""},{"jsondocerrors":[],"jsondocwarnings":[],"jsondochints":[],"jsondocId":"f592f8b4-057e-44bb-b6b8-7955b6840ba1","jsondocType":{"type":["date"],"mapKey":null,"mapValue":null,"oneLineText":"date"},"name":"created","description":null,"format":[],"allowedvalues":null,"required":"UNDEFINED","supportedversions":null,"order":2147483647,"displayedFormat":""},{"jsondocerrors":[],"jsondocwarnings":[],"jsondochints":[],"jsondocId":"5c725cb2-9393-43b8-9bc1-7ae7dace00c4","jsondocType":{"type":["long"],"mapKey":null,"mapValue":null,"oneLineText":"long"},"name":"id","description":null,"format":[],"allowedvalues":null,"required":"UNDEFINED","supportedversions":null,"order":2147483647,"displayedFormat":""},{"jsondocerrors":[],"jsondocwarnings":[],"jsondochints":[],"jsondocId":"5b1c37c7-abfa-42cb-8f0f-825fd2ef89fb","jsondocType":{"type":["string"],"mapKey":null,"mapValue":null,"oneLineText":"string"},"name":"name","description":null,"format":[],"allowedvalues":null,"required":"UNDEFINED","supportedversions":null,"order":2147483647,"displayedFormat":""},{"jsondocerrors":[],"jsondocwarnings":[],"jsondochints":[],"jsondocId":"0e03a215-1d6f-4048-9abe-41d0afd83900","jsondocType":{"type":["date"],"mapKey":null,"mapValue":null,"oneLineText":"date"},"name":"updated","description":null,"format":[],"allowedvalues":null,"required":"UNDEFINED","supportedversions":null,"order":2147483647,"displayedFormat":""},{"jsondocerrors":[],"jsondocwarnings":[],"jsondochints":[],"jsondocId":"5ebe2c6a-2499-4a01-a04f-e856fa8b4589","jsondocType":{"type":["int"],"mapKey":null,"mapValue":null,"oneLineText":"int"},"name":"version","description":null,"format":[],"allowedvalues":null,"required":"UNDEFINED","supportedversions":null,"order":2147483647,"displayedFormat":""}],"supportedversions":null,"allowedvalues":[],"group":"","visibility":"UNDEFINED","stage":"UNDEFINED","jsondocTemplate":{"admins":[],"created":{},"id":0,"name":"","updated":{},"version":0},"show":true},{"jsondocerrors":[],"jsondocwarnings":[],"jsondochints":["Add description to field: address","Add description to field: authProvider","Add description to field: created","Add description to field: email","Add description to field: emailVerified","Add description to field: externalId","Add description to field: givenName","Add description to field: id","Add description to field: organisations","Add description to field: phone","Add description to field: surname","Add description to field: updated","Add description to field: version","Add description to field: volunteer"],"jsondocId":"98f78ab3-7dfa-400b-b65a-74bddb2c2b86","name":"User","description":"","fields":[{"jsondocerrors":[],"jsondocwarnings":[],"jsondochints":[],"jsondocId":"4b8daffa-4892-403a-b2b5-9ef3822f5293","jsondocType":{"type":["address"],"mapKey":null,"mapValue":null,"oneLineText":"address"},"name":"address","description":null,"format":[],"allowedvalues":null,"required":"UNDEFINED","supportedversions":null,"order":2147483647,"displayedFormat":""},{"jsondocerrors":[],"jsondocwarnings":[],"jsondochints":[],"jsondocId":"16610d2b-8f87-439d-9cc6-a92a82288ef9","jsondocType":{"type":["string"],"mapKey":null,"mapValue":null,"oneLineText":"string"},"name":"authProvider","description":null,"format":[],"allowedvalues":null,"required":"UNDEFINED","supportedversions":null,"order":2147483647,"displayedFormat":""},{"jsondocerrors":[],"jsondocwarnings":[],"jsondochints":[],"jsondocId":"ae09abe8-99c5-408d-8a86-57dc0d597b24","jsondocType":{"type":["date"],"mapKey":null,"mapValue":null,"oneLineText":"date"},"name":"created","description":null,"format":[],"allowedvalues":null,"required":"UNDEFINED","supportedversions":null,"order":2147483647,"displayedFormat":""},{"jsondocerrors":[],"jsondocwarnings":[],"jsondochints":[],"jsondocId":"6b906ded-a23c-4c55-8c61-63bba48135c6","jsondocType":{"type":["string"],"mapKey":null,"mapValue":null,"oneLineText":"string"},"name":"email","description":null,"format":[],"allowedvalues":null,"required":"UNDEFINED","supportedversions":null,"order":2147483647,"displayedFormat":""},{"jsondocerrors":[],"jsondocwarnings":[],"jsondochints":[],"jsondocId":"e11fbdae-d17f-4d4a-bbe8-6867e77c81b9","jsondocType":{"type":["boolean"],"mapKey":null,"mapValue":null,"oneLineText":"boolean"},"name":"emailVerified","description":null,"format":[],"allowedvalues":null,"required":"UNDEFINED","supportedversions":null,"order":2147483647,"displayedFormat":""},{"jsondocerrors":[],"jsondocwarnings":[],"jsondochints":[],"jsondocId":"7416fc77-1573-412e-b26b-109c897c4f6f","jsondocType":{"type":["string"],"mapKey":null,"mapValue":null,"oneLineText":"string"},"name":"externalId","description":null,"format":[],"allowedvalues":null,"required":"UNDEFINED","supportedversions":null,"order":2147483647,"displayedFormat":""},{"jsondocerrors":[],"jsondocwarnings":[],"jsondochints":[],"jsondocId":"dc387855-4222-4a09-bd5d-18461a8e6661","jsondocType":{"type":["string"],"mapKey":null,"mapValue":null,"oneLineText":"string"},"name":"givenName","description":null,"format":[],"allowedvalues":null,"required":"UNDEFINED","supportedversions":null,"order":2147483647,"displayedFormat":""},{"jsondocerrors":[],"jsondocwarnings":[],"jsondochints":[],"jsondocId":"80d20be7-187c-425c-9ed5-967e622b2f52","jsondocType":{"type":["long"],"mapKey":null,"mapValue":null,"oneLineText":"long"},"name":"id","description":null,"format":[],"allowedvalues":null,"required":"UNDEFINED","supportedversions":null,"order":2147483647,"displayedFormat":""},{"jsondocerrors":[],"jsondocwarnings":[],"jsondochints":[],"jsondocId":"6d466ed6-0f39-4fef-8650-1bbe7c6d6fe3","jsondocType":{"type":["set","organisation"],"mapKey":null,"mapValue":null,"oneLineText":"set of organisation"},"name":"organisations","description":null,"format":[],"allowedvalues":null,"required":"UNDEFINED","supportedversions":null,"order":2147483647,"displayedFormat":""},{"jsondocerrors":[],"jsondocwarnings":[],"jsondochints":[],"jsondocId":"8356b795-ef57-44cf-a45d-1aa5890b891e","jsondocType":{"type":["string"],"mapKey":null,"mapValue":null,"oneLineText":"string"},"name":"phone","description":null,"format":[],"allowedvalues":null,"required":"UNDEFINED","supportedversions":null,"order":2147483647,"displayedFormat":""},{"jsondocerrors":[],"jsondocwarnings":[],"jsondochints":[],"jsondocId":"fcd98e95-6cf6-4210-89fa-1480625d5fa5","jsondocType":{"type":["string"],"mapKey":null,"mapValue":null,"oneLineText":"string"},"name":"surname","description":null,"format":[],"allowedvalues":null,"required":"UNDEFINED","supportedversions":null,"order":2147483647,"displayedFormat":""},{"jsondocerrors":[],"jsondocwarnings":[],"jsondochints":[],"jsondocId":"fa3746fc-ab31-4a0e-beeb-986bd536a5a1","jsondocType":{"type":["date"],"mapKey":null,"mapValue":null,"oneLineText":"date"},"name":"updated","description":null,"format":[],"allowedvalues":null,"required":"UNDEFINED","supportedversions":null,"order":2147483647,"displayedFormat":""},{"jsondocerrors":[],"jsondocwarnings":[],"jsondochints":[],"jsondocId":"8d96c913-abf5-46c4-aae0-84f692bfa309","jsondocType":{"type":["int"],"mapKey":null,"mapValue":null,"oneLineText":"int"},"name":"version","description":null,"format":[],"allowedvalues":null,"required":"UNDEFINED","supportedversions":null,"order":2147483647,"displayedFormat":""},{"jsondocerrors":[],"jsondocwarnings":[],"jsondochints":[],"jsondocId":"13c98d4a-df2d-462b-adbd-be2f74df69de","jsondocType":{"type":["volunteer"],"mapKey":null,"mapValue":null,"oneLineText":"volunteer"},"name":"volunteer","description":null,"format":[],"allowedvalues":null,"required":"UNDEFINED","supportedversions":null,"order":2147483647,"displayedFormat":""}],"supportedversions":null,"allowedvalues":[],"group":"","visibility":"UNDEFINED","stage":"UNDEFINED","jsondocTemplate":{"address":{},"authProvider":"","created":{},"email":"","emailVerified":true,"externalId":"","givenName":"","id":0,"organisations":[],"phone":"","surname":"","updated":{},"version":0,"volunteer":{}},"show":true},{"jsondocerrors":[],"jsondocwarnings":[],"jsondochints":["Add description to field: address","Add description to field: adult","Add description to field: email","Add description to field: givenName","Add description to field: phone","Add description to field: surname"],"jsondocId":"50337b82-fd9b-4946-ab3f-041353ef7105","name":"UserDto","description":"","fields":[{"jsondocerrors":[],"jsondocwarnings":[],"jsondochints":[],"jsondocId":"a1eb4d2a-5a5f-44b5-860a-dfafde64bcbf","jsondocType":{"type":["addressdto"],"mapKey":null,"mapValue":null,"oneLineText":"addressdto"},"name":"address","description":null,"format":["may not be null"],"allowedvalues":null,"required":"UNDEFINED","supportedversions":null,"order":2147483647,"displayedFormat":"may not be null"},{"jsondocerrors":[],"jsondocwarnings":[],"jsondochints":[],"jsondocId":"27370dc5-97e6-4b0f-b8e8-b89d64b9d549","jsondocType":{"type":["boolean"],"mapKey":null,"mapValue":null,"oneLineText":"boolean"},"name":"adult","description":null,"format":["must be true","may not be null"],"allowedvalues":null,"required":"UNDEFINED","supportedversions":null,"order":2147483647,"displayedFormat":"must be true, may not be null"},{"jsondocerrors":[],"jsondocwarnings":[],"jsondochints":[],"jsondocId":"7ef7bf2b-b33f-4120-afe2-bda34a7d22f1","jsondocType":{"type":["string"],"mapKey":null,"mapValue":null,"oneLineText":"string"},"name":"email","description":null,"format":["may not be empty","must be a well-formed email address"],"allowedvalues":null,"required":"UNDEFINED","supportedversions":null,"order":2147483647,"displayedFormat":"may not be empty, must be a well-formed email address"},{"jsondocerrors":[],"jsondocwarnings":[],"jsondochints":[],"jsondocId":"577ebae9-61c9-4b3a-ad40-3846bc57044f","jsondocType":{"type":["string"],"mapKey":null,"mapValue":null,"oneLineText":"string"},"name":"givenName","description":null,"format":["may not be empty"],"allowedvalues":null,"required":"UNDEFINED","supportedversions":null,"order":2147483647,"displayedFormat":"may not be empty"},{"jsondocerrors":[],"jsondocwarnings":[],"jsondochints":[],"jsondocId":"1fe585c0-6805-4ff9-bf90-0c507b22b00d","jsondocType":{"type":["string"],"mapKey":null,"mapValue":null,"oneLineText":"string"},"name":"phone","description":null,"format":[],"allowedvalues":null,"required":"UNDEFINED","supportedversions":null,"order":2147483647,"displayedFormat":""},{"jsondocerrors":[],"jsondocwarnings":[],"jsondochints":[],"jsondocId":"b3d62759-eec3-4e61-b866-6ad6a33d451f","jsondocType":{"type":["string"],"mapKey":null,"mapValue":null,"oneLineText":"string"},"name":"surname","description":null,"format":["may not be empty"],"allowedvalues":null,"required":"UNDEFINED","supportedversions":null,"order":2147483647,"displayedFormat":"may not be empty"}],"supportedversions":null,"allowedvalues":[],"group":"","visibility":"UNDEFINED","stage":"UNDEFINED","jsondocTemplate":{"address":{"city":"","street":"","streetNumber":"","zipCode":""},"adult":true,"email":"","givenName":"","phone":"","surname":""},"show":true},{"jsondocerrors":[],"jsondocwarnings":[],"jsondochints":["Add description to field: abilities","Add description to field: id","Add description to field: user"],"jsondocId":"8ce3954c-490e-415a-8809-f30906207378","name":"VolunteerDto","description":"","fields":[{"jsondocerrors":[],"jsondocwarnings":[],"jsondochints":[],"jsondocId":"a38c55e7-ec03-4dfb-b4ca-6d68c239c0bd","jsondocType":{"type":["list","abilitylinkdto"],"mapKey":null,"mapValue":null,"oneLineText":"list of abilitylinkdto"},"name":"abilities","description":null,"format":[],"allowedvalues":null,"required":"UNDEFINED","supportedversions":null,"order":2147483647,"displayedFormat":""},{"jsondocerrors":[],"jsondocwarnings":[],"jsondochints":[],"jsondocId":"2960f2aa-6cf1-4f81-9035-75fe38c6dbea","jsondocType":{"type":["long"],"mapKey":null,"mapValue":null,"oneLineText":"long"},"name":"id","description":null,"format":[],"allowedvalues":null,"required":"UNDEFINED","supportedversions":null,"order":2147483647,"displayedFormat":""},{"jsondocerrors":[],"jsondocwarnings":[],"jsondochints":[],"jsondocId":"71c1ae1e-9d15-4290-bac3-886253c119eb","jsondocType":{"type":["userdto"],"mapKey":null,"mapValue":null,"oneLineText":"userdto"},"name":"user","description":null,"format":["may not be null"],"allowedvalues":null,"required":"UNDEFINED","supportedversions":null,"order":2147483647,"displayedFormat":"may not be null"}],"supportedversions":null,"allowedvalues":[],"group":"","visibility":"UNDEFINED","stage":"UNDEFINED","jsondocTemplate":{"abilities":[],"id":0,"user":{"address":{"city":"","street":"","streetNumber":"","zipCode":""},"adult":true,"email":"","givenName":"","phone":"","surname":""}},"show":true},{"jsondocerrors":[],"jsondocwarnings":[],"jsondochints":["Add description to field: abilities","Add description to field: id","Add description to field: user"],"jsondocId":"35e7f85e-393c-4559-ac24-88cc1249633b","name":"VolunteerResponseDto","description":"","fields":[{"jsondocerrors":[],"jsondocwarnings":[],"jsondochints":[],"jsondocId":"acca2aee-0856-4e7b-af68-0e70415ed72b","jsondocType":{"type":["list","abilitydto"],"mapKey":null,"mapValue":null,"oneLineText":"list of abilitydto"},"name":"abilities","description":null,"format":["may not be null"],"allowedvalues":null,"required":"UNDEFINED","supportedversions":null,"order":2147483647,"displayedFormat":"may not be null"},{"jsondocerrors":[],"jsondocwarnings":[],"jsondochints":[],"jsondocId":"8e2430d9-7a88-45c1-b1c9-22b5185f8853","jsondocType":{"type":["long"],"mapKey":null,"mapValue":null,"oneLineText":"long"},"name":"id","description":null,"format":[],"allowedvalues":null,"required":"UNDEFINED","supportedversions":null,"order":2147483647,"displayedFormat":""},{"jsondocerrors":[],"jsondocwarnings":[],"jsondochints":[],"jsondocId":"4bfcd88f-1b78-463b-90f3-06df171b7210","jsondocType":{"type":["userdto"],"mapKey":null,"mapValue":null,"oneLineText":"userdto"},"name":"user","description":null,"format":["may not be null"],"allowedvalues":null,"required":"UNDEFINED","supportedversions":null,"order":2147483647,"displayedFormat":"may not be null"}],"supportedversions":null,"allowedvalues":[],"group":"","visibility":"UNDEFINED","stage":"UNDEFINED","jsondocTemplate":{"abilities":[],"id":0,"user":{"address":{"city":"","street":"","streetNumber":"","zipCode":""},"adult":true,"email":"","givenName":"","phone":"","surname":""}},"show":true}]},"flows":{},"global":null,"playgroundEnabled":true,"displayMethodAs":"URI"}